{
    "materials":[{
        "wireframe":false,
        "depthTest":true,
        "opacity":1,
        "specularCoef":13,
        "colorSpecular":[0.5,0.5,0.5],
        "colorEmissive":[0,0,0],
        "transparent":false,
        "shading":"phong",
        "colorDiffuse":[0.058824,0.058824,0.058824],
        "depthWrite":true,
        "DbgColor":15597568,
        "visible":true,
        "blending":"NormalBlending",
        "DbgIndex":1,
        "DbgName":"LogoEdge"
    },{
        "wireframe":false,
        "depthTest":true,
        "opacity":1,
        "specularCoef":29,
        "colorSpecular":[0.2,0.2,0.2],
        "colorEmissive":[0.1875,0.1875,0.1875],
        "transparent":false,
        "shading":"phong",
        "colorDiffuse":[0.75,0.75,0.75],
        "mapDiffuse":"../images/logo.png",
        "depthWrite":true,
        "DbgColor":15658734,
        "mapDiffuseWrap":["RepeatWrapping","RepeatWrapping"],
        "visible":true,
        "blending":"NormalBlending",
        "mapDiffuseAnisotropy":1,
        "mapDiffuseRepeat":[1,1],
        "DbgIndex":0,
        "DbgName":"Logo"
    }],
    "morphTargets":[],
    "name":"LogoGeometry.2",
    "metadata":{
        "generator":"io_three",
        "morphTargets":0,
        "type":"Geometry",
        "materials":2,
        "faces":96,
        "vertices":135,
        "version":3,
        "uvs":1
    },
    "uvs":[[0.582657,0.862409,0.5,0.868,0.662802,0.845807,0.738,0.818697,0.805967,0.781904,0.864637,0.736546,0.912228,0.684,0.947294,0.625863,0.968768,0.563902,0.976,0.5,0.968768,0.436097,0.947294,0.374137,0.912228,0.316,0.864637,0.263454,0.805967,0.218096,0.738,0.181303,0.662802,0.154193,0.582657,0.137591,0.5,0.132,0.417343,0.137591,0.337198,0.154193,0.262,0.181303,0.194033,0.218096,0.135363,0.263454,0.087772,0.316,0.052706,0.374137,0.031232,0.436097,0.024,0.5,0.031232,0.563902,0.052706,0.625863,0.087772,0.684,0.135363,0.736546,0.194033,0.781904,0.262,0.818697,0.337198,0.845807,0.417343,0.862409,0.16127,0.501,0.143135,0.532411,0.143135,0.469589,0.106865,0.469589,0.08873,0.501,0.106865,0.532411,0.849365,0.532411,0.83123,0.501,0.849365,0.469589,0.885635,0.469589,0.90377,0.501,0.885635,0.532411,0.5,0.5,0.125,0.501,0.8675,0.501]],
    "faces":[11,0,1,37,36,0,1,0,0,1,11,38,37,1,2,0,2,0,0,2,11,39,38,2,3,0,3,2,2,3,11,40,39,3,4,0,4,3,3,4,11,41,40,4,5,0,5,4,4,5,11,42,41,5,6,0,6,5,5,6,11,43,42,6,7,0,7,6,6,7,11,44,43,7,8,0,8,7,7,8,11,45,44,8,9,0,9,8,8,9,11,46,45,9,10,0,10,9,9,10,11,47,46,10,11,0,11,10,10,11,11,48,47,11,12,0,12,11,11,12,11,49,48,12,13,0,13,12,12,13,11,50,49,13,14,0,14,13,13,14,11,51,50,14,15,0,15,14,14,15,11,52,51,15,16,0,16,15,15,16,11,53,52,16,17,0,17,16,16,17,11,54,53,17,18,0,18,17,17,18,11,19,55,54,18,0,19,19,18,18,11,20,56,55,19,0,20,20,19,19,11,21,57,56,20,0,21,21,20,20,11,22,58,57,21,0,22,22,21,21,11,23,59,58,22,0,23,23,22,22,11,24,60,59,23,0,24,24,23,23,11,25,61,60,24,0,25,25,24,24,11,26,62,61,25,0,26,26,25,25,11,27,63,62,26,0,27,27,26,26,11,28,64,63,27,0,28,28,27,27,11,29,65,64,28,0,29,29,28,28,11,30,66,65,29,0,30,30,29,29,11,31,67,66,30,0,31,31,30,30,11,32,68,67,31,0,32,32,31,31,11,33,69,68,32,0,33,33,32,32,11,34,70,69,33,0,34,34,33,33,11,35,71,70,34,0,35,35,34,34,11,0,36,71,35,0,1,1,35,35,11,115,114,108,109,1,36,37,37,36,11,116,115,109,110,1,38,36,36,38,11,117,116,110,111,1,39,38,38,39,11,112,118,117,111,1,40,40,39,39,11,113,119,118,112,1,41,41,40,40,11,108,114,119,113,1,37,37,41,41,11,120,126,127,121,1,42,42,43,43,11,121,127,128,122,1,43,43,44,44,11,122,128,129,123,1,44,44,45,45,11,129,130,124,123,1,45,46,46,45,11,130,131,125,124,1,46,47,47,46,11,131,126,120,125,1,47,42,42,47,10,132,73,72,1,48,0,1,10,132,74,73,1,48,2,0,10,132,75,74,1,48,3,2,10,132,76,75,1,48,4,3,10,132,77,76,1,48,5,4,10,132,78,77,1,48,6,5,10,132,79,78,1,48,7,6,10,132,80,79,1,48,8,7,10,132,81,80,1,48,9,8,10,132,82,81,1,48,10,9,10,132,83,82,1,48,11,10,10,132,84,83,1,48,12,11,10,132,85,84,1,48,13,12,10,132,86,85,1,48,14,13,10,132,87,86,1,48,15,14,10,132,88,87,1,48,16,15,10,132,89,88,1,48,17,16,10,132,90,89,1,48,18,17,10,132,91,90,1,48,19,18,10,132,92,91,1,48,20,19,10,132,93,92,1,48,21,20,10,132,94,93,1,48,22,21,10,132,95,94,1,48,23,22,10,132,96,95,1,48,24,23,10,132,97,96,1,48,25,24,10,132,98,97,1,48,26,25,10,132,99,98,1,48,27,26,10,132,100,99,1,48,28,27,10,132,101,100,1,48,29,28,10,132,102,101,1,48,30,29,10,132,103,102,1,48,31,30,10,132,104,103,1,48,32,31,10,132,105,104,1,48,33,32,10,132,106,105,1,48,34,33,10,132,107,106,1,48,35,34,10,132,72,107,1,48,1,35,10,133,109,108,1,49,36,37,10,133,110,109,1,49,38,36,10,133,111,110,1,49,39,38,10,133,112,111,1,49,40,39,10,133,113,112,1,49,41,40,10,133,108,113,1,49,37,41,10,134,125,120,1,50,47,42,10,134,124,125,1,50,46,47,10,134,123,124,1,50,45,46,10,134,122,123,1,50,44,45,10,134,121,122,1,50,43,44,10,134,120,121,1,50,42,43],
    "vertices":[0,0.368,0.01,0.082657,0.362409,0.01,0.162802,0.345807,0.01,0.238,0.318697,0.01,0.305967,0.281904,0.01,0.364637,0.236546,0.01,0.412228,0.184,0.01,0.447294,0.125863,0.01,0.468768,0.063903,0.01,0.476,0,0.01,0.468768,-0.063903,0.01,0.447294,-0.125863,0.01,0.412228,-0.184,0.01,0.364637,-0.236546,0.01,0.305967,-0.281904,0.01,0.238,-0.318697,0.01,0.162802,-0.345807,0.01,0.082657,-0.362409,0.01,0,-0.368,0.01,-0.082657,-0.362409,0.01,-0.162802,-0.345807,0.01,-0.238,-0.318697,0.01,-0.305967,-0.281904,0.01,-0.364637,-0.236546,0.01,-0.412228,-0.184,0.01,-0.447294,-0.125863,0.01,-0.468768,-0.063903,0.01,-0.476,0,0.01,-0.468768,0.063903,0.01,-0.447294,0.125863,0.01,-0.412228,0.184,0.01,-0.364637,0.236546,0.01,-0.305967,0.281904,0.01,-0.238,0.318697,0.01,-0.162802,0.345807,0.01,-0.082657,0.362409,0.01,0,0.368,-0.01,0.082657,0.362409,-0.01,0.162802,0.345807,-0.01,0.238,0.318697,-0.01,0.305967,0.281904,-0.01,0.364637,0.236546,-0.01,0.412228,0.184,-0.01,0.447294,0.125863,-0.01,0.468768,0.063903,-0.01,0.476,-0,-0.01,0.468768,-0.063903,-0.01,0.447294,-0.125863,-0.01,0.412228,-0.184,-0.01,0.364637,-0.236546,-0.01,0.305967,-0.281904,-0.01,0.238,-0.318697,-0.01,0.162802,-0.345807,-0.01,0.082657,-0.362409,-0.01,0,-0.368,-0.01,-0.082657,-0.362409,-0.01,-0.162802,-0.345807,-0.01,-0.238,-0.318697,-0.01,-0.305967,-0.281904,-0.01,-0.364637,-0.236546,-0.01,-0.412228,-0.184,-0.01,-0.447294,-0.125863,-0.01,-0.468768,-0.063903,-0.01,-0.476,-0,-0.01,-0.468768,0.063903,-0.01,-0.447294,0.125863,-0.01,-0.412228,0.184,-0.01,-0.364637,0.236546,-0.01,-0.305967,0.281904,-0.01,-0.238,0.318697,-0.01,-0.162802,0.345807,-0.01,-0.082657,0.362409,-0.01,0,0.368,0.01,0.082657,0.362409,0.01,0.162802,0.345807,0.01,0.238,0.318697,0.01,0.305967,0.281904,0.01,0.364637,0.236546,0.01,0.412228,0.184,0.01,0.447294,0.125863,0.01,0.468768,0.063903,0.01,0.476,0,0.01,0.468768,-0.063903,0.01,0.447294,-0.125863,0.01,0.412228,-0.184,0.01,0.364637,-0.236546,0.01,0.305967,-0.281904,0.01,0.238,-0.318697,0.01,0.162802,-0.345807,0.01,0.082657,-0.362409,0.01,0,-0.368,0.01,-0.082657,-0.362409,0.01,-0.162802,-0.345807,0.01,-0.238,-0.318697,0.01,-0.305967,-0.281904,0.01,-0.364637,-0.236546,0.01,-0.412228,-0.184,0.01,-0.447294,-0.125863,0.01,-0.468768,-0.063903,0.01,-0.476,0,0.01,-0.468768,0.063903,0.01,-0.447294,0.125863,0.01,-0.412228,0.184,0.01,-0.364637,0.236546,0.01,-0.305967,0.281904,0.01,-0.238,0.318697,0.01,-0.162802,0.345807,0.01,-0.082657,0.362409,0.01,-0.356865,0.032411,0.025935,-0.33873,0.001,0.025935,-0.356865,-0.030411,0.025935,-0.393135,-0.030411,0.025935,-0.41127,0.001,0.025935,-0.393135,0.032411,0.025935,-0.356865,0.032411,-0.003935,-0.33873,0.001,-0.003935,-0.356865,-0.030411,-0.003935,-0.393135,-0.030411,-0.003935,-0.41127,0.001,-0.003935,-0.393135,0.032411,-0.003935,0.349365,0.032411,0.025935,0.33123,0.001,0.025935,0.349365,-0.030411,0.025935,0.385635,-0.030411,0.025935,0.40377,0.001,0.025935,0.385635,0.032411,0.025935,0.349365,0.032411,-0.003935,0.33123,0.001,-0.003935,0.349365,-0.030411,-0.003935,0.385635,-0.030411,-0.003935,0.40377,0.001,-0.003935,0.385635,0.032411,-0.003935,0,0,0.01,-0.375,0.001,0.025935,0.3675,0.001,0.025935]
}