{
    "name":"Layer 4Geometry.1",
    "uvs":[],
    "materials":[{
        "colorDiffuse":[0.262745,0.079904,0.076248],
        "DbgIndex":0,
        "DbgName":"Truss",
        "transparent":false,
        "shading":"phong",
        "blending":"NormalBlending",
        "colorSpecular":[0.2,0.2,0.2],
        "DbgColor":15658734,
        "specularCoef":40,
        "depthWrite":true,
        "wireframe":false,
        "colorEmissive":[0,0,0],
        "opacity":1,
        "depthTest":true,
        "visible":true
    }],
    "faces":[3,4,0,1,5,0,3,2,0,4,3,0,3,7,6,9,8,0,3,6,11,10,9,0,3,10,3,4,9,0,3,2,3,10,11,0,3,1,0,6,7,0,3,0,2,11,6,0,3,5,1,7,8,0,3,4,5,8,9,0],
    "metadata":{
        "type":"Geometry",
        "materials":1,
        "generator":"io_three",
        "vertices":12,
        "uvs":0,
        "faces":10,
        "morphTargets":1,
        "version":3
    },
    "morphTargets":[{
        "name":"height",
        "vertices":[0.012503,-0.012502,0,0.012503,-0.200002,0,0.200003,-0.012502,0,0.200003,-5e-06,0,3e-06,-5e-06,0,3e-06,-0.200002,0,0.012503,-0.012502,101,0.012503,-0.200002,101,3e-06,-0.200002,101,3e-06,-5e-06,101,0.200003,-5e-06,101,0.200003,-0.012502,101]
    }],
    "vertices":[0.012503,-0.012502,0,0.012503,-0.200002,0,0.200003,-0.012502,0,0.200003,-5e-06,0,3e-06,-5e-06,0,3e-06,-0.200002,0,0.012503,-0.012502,1,0.012503,-0.200002,1,3e-06,-0.200002,1,3e-06,-5e-06,1,0.200003,-5e-06,1,0.200003,-0.012502,1]
}